Country Code,Country Name,Country-ID
US,United States,0
DE,Germany,1
AU,Australia,2
CZ,Czechia,3
CA,Canada,4
AR,Argentina,5
BR,Brazil,6
PT,Portugal,7
GB,United Kingdom,8
IT,Italy,9
GG,Guernsey,10
RO,Romania,11
ES,Spain,12
FR,France,13
NL,Netherlands,14
,,15
SK,Slovakia,16
TH,Thailand,17
CH,Switzerland,18
FI,Finland,19
MY,Malaysia,20
IR,"Iran, Islamic Republic of",21
SE,Sweden,22
LK,Sri Lanka,23
SG,Singapore,24
EE,Estonia,25
BD,Bangladesh,26
IE,Ireland,27
NZ,New Zealand,28
IN,India,29
CN,China,30
RS,Serbia,31
CL,Chile,32
SD,Sudan,33
MX,Mexico,34
BE,Belgium,35
TR,Turkey,36
BG,Bulgaria,37
GH,Ghana,38
ZM,Zambia,39
DK,Denmark,40
AT,Austria,41
HK,Hong Kong,42
PH,Philippines,43
RU,Russian Federation,44
KW,Kuwait,45
IL,Israel,46
HU,Hungary,47
PL,Poland,48
MK,North Macedonia,49
AQ,Antarctica,50
GR,Greece,51
MA,Morocco,52
